<?xml version='1.0' encoding='utf-8' standalone='yes' ?>
<map>
    <int name="AF_CACHE_VERSION" value="1" />
    <string name="prev_event_name">episodes_bs_interactions</string>
    <boolean name="didSendRevenueTriggerOnLastBackground" value="false" />
    <long name="prev_event_timestamp" value="1760270104353" />
    <int name="appsFlyerInAppEventCount" value="21" />
    <long name="prev_session_dur" value="4" />
    <boolean name="ddl_sent" value="true" />
    <long name="af_rc_max_age" value="86400" />
    <string name="sentSuccessfully">true</string>
    <string name="af_remote_config">eyJmZWF0dXJlcyI6e30sInZlciI6ImRlZmF1bHQudjEuMTYzNzE0OTUyOSJ9</string>
    <int name="versionCode" value="30" />
    <string name="savedProperties">{&quot;logLevel&quot;:&quot;0&quot;}</string>
    <string name="AF_INSTALLATION">1760251100178-7129258476667795024</string>
    <boolean name="afUninstallToken_queued" value="false" />
    <int name="appsFlyerCount" value="6" />
    <long name="af_rc_timestamp" value="1760251100568" />
    <long name="AppsFlyerTimePassedSincePrevLaunch" value="1760270091090" />
    <boolean name="newGPReferrerSent" value="true" />
    <string name="appsFlyerFirstInstall"></string>
    <string name="attributionId">{&quot;af_status&quot;:&quot;Organic&quot;,&quot;af_message&quot;:&quot;organic install&quot;,&quot;is_first_launch&quot;:false}</string>
</map>
