<?xml version='1.0' encoding='utf-8' standalone='yes' ?>
<map>
    <int name="AF_CACHE_VERSION" value="1" />
    <string name="prev_event_name">profile_page_seen</string>
    <long name="prev_event_timestamp" value="1761243199668" />
    <boolean name="didSendRevenueTriggerOnLastBackground" value="false" />
    <int name="appsFlyerInAppEventCount" value="19" />
    <string name="gcd">{&quot;net&quot;:3550,&quot;retries&quot;:0}</string>
    <long name="prev_session_dur" value="31" />
    <boolean name="ddl_sent" value="true" />
    <long name="af_rc_max_age" value="86400" />
    <string name="sentSuccessfully">true</string>
    <int name="versionCode" value="29" />
    <string name="af_remote_config">eyJmZWF0dXJlcyI6e30sInZlciI6ImRlZmF1bHQudjEuMTYzNzE0OTUyOSJ9</string>
    <string name="savedProperties">{&quot;logLevel&quot;:&quot;0&quot;}</string>
    <string name="AF_INSTALLATION">1761146236364-4765796598609054778</string>
    <boolean name="afUninstallToken_queued" value="false" />
    <int name="appsFlyerCount" value="1" />
    <long name="AppsFlyerTimePassedSincePrevLaunch" value="1761146245020" />
    <boolean name="newGPReferrerSent" value="true" />
    <long name="af_rc_timestamp" value="1761243194329" />
    <string name="first_launch">{&quot;net&quot;:3647,&quot;from_fg&quot;:4311,&quot;start_with&quot;:&quot;application&quot;,&quot;init_to_fg&quot;:4410}</string>
    <string name="appsFlyerFirstInstall">2025-10-22_204716+0530</string>
    <string name="attributionId">{&quot;install_time&quot;:&quot;2025-10-22 15:17:28.081&quot;,&quot;af_message&quot;:&quot;organic install&quot;,&quot;af_status&quot;:&quot;Organic&quot;,&quot;is_first_launch&quot;:false}</string>
</map>
