<?xml version='1.0' encoding='utf-8' standalone='yes' ?>
<map>
    <int name="AF_CACHE_VERSION" value="1" />
    <string name="prev_event_name">trailer_played</string>
    <boolean name="didSendRevenueTriggerOnLastBackground" value="true" />
    <long name="prev_event_timestamp" value="1755530609385" />
    <int name="appsFlyerInAppEventCount" value="9" />
    <long name="prev_session_dur" value="21" />
    <boolean name="ddl_sent" value="true" />
    <long name="af_rc_max_age" value="86400" />
    <string name="sentSuccessfully">true</string>
    <string name="af_remote_config">eyJmZWF0dXJlcyI6e30sInZlciI6ImRlZmF1bHQudjEuMTYzNzE0OTUyOSJ9</string>
    <int name="versionCode" value="10" />
    <string name="savedProperties">{&quot;logLevel&quot;:&quot;0&quot;}</string>
    <string name="AF_INSTALLATION">1755530530813-9098622315296497984</string>
    <boolean name="afUninstallToken_queued" value="false" />
    <int name="appsFlyerCount" value="5" />
    <long name="af_rc_timestamp" value="1755530531254" />
    <long name="AppsFlyerTimePassedSincePrevLaunch" value="1755530587912" />
    <boolean name="newGPReferrerSent" value="true" />
    <string name="first_launch">{&quot;net&quot;:1018,&quot;from_fg&quot;:78,&quot;start_with&quot;:&quot;activity&quot;,&quot;init_to_fg&quot;:49}</string>
    <string name="appsFlyerFirstInstall">2025-08-18_205211+0530</string>
    <string name="attributionId">{&quot;install_time&quot;:&quot;2025-08-18 15:22:36.630&quot;,&quot;af_message&quot;:&quot;organic install&quot;,&quot;af_status&quot;:&quot;Organic&quot;,&quot;is_first_launch&quot;:false}</string>
</map>
