<?xml version='1.0' encoding='utf-8' standalone='yes' ?>
<map>
    <string name="prev_event_name">home_page_seen</string>
    <int name="AF_CACHE_VERSION" value="2" />
    <boolean name="didSendRevenueTriggerOnLastBackground" value="false" />
    <long name="prev_event_timestamp" value="1767751403890" />
    <int name="appsFlyerInAppEventCount" value="18" />
    <long name="prev_session_dur" value="4" />
    <boolean name="ddl_sent" value="true" />
    <long name="af_rc_max_age" value="86400" />
    <string name="sentSuccessfully">true</string>
    <int name="versionCode" value="36" />
    <string name="af_remote_config">eyJmZWF0dXJlcyI6e30sInZlciI6ImRlZmF1bHQudjEuMTYzNzE0OTUyOSJ9</string>
    <string name="savedProperties">{&quot;logLevel&quot;:&quot;0&quot;}</string>
    <string name="AF_INSTALLATION">1767715344828-1173148921043970711</string>
    <boolean name="afUninstallToken_queued" value="false" />
    <int name="appsFlyerCount" value="4" />
    <long name="af_rc_timestamp" value="1767715345130" />
    <long name="AppsFlyerTimePassedSincePrevLaunch" value="1767751402562" />
    <boolean name="newGPReferrerSent" value="true" />
    <string name="appsFlyerFirstInstall">2026-01-06_213225+0530</string>
    <string name="attributionId">{&quot;redirect_response_data&quot;:null,&quot;expires&quot;:&quot;1767715067&quot;,&quot;adgroup_id&quot;:null,&quot;engmnt_source&quot;:null,&quot;af_adset_id&quot;:&quot;225374&quot;,&quot;is_incentivized&quot;:&quot;false&quot;,&quot;retargeting_conversion_type&quot;:&quot;none&quot;,&quot;af_ip&quot;:&quot;152.59.167.23&quot;,&quot;orig_cost&quot;:&quot;0.0&quot;,&quot;af_prt&quot;:&quot;carhpin627&quot;,&quot;authentication_type&quot;:&quot;not_authenticated&quot;,&quot;is_first_launch&quot;:false,&quot;af_click_lookback&quot;:&quot;7d&quot;,&quot;CB_preload_equal_priority_enabled&quot;:false,&quot;af_cpi&quot;:null,&quot;iscache&quot;:true,&quot;click_time&quot;:&quot;2026-01-06 15:47:51.279&quot;,&quot;is_branded_link&quot;:null,&quot;adset&quot;:null,&quot;match_type&quot;:&quot;probabilistic&quot;,&quot;campaign_id&quot;:null,&quot;af_pmod_lookback_window&quot;:&quot;15m&quot;,&quot;redirect&quot;:&quot;false&quot;,&quot;af_ua&quot;:&quot;Dalvik\/2.1.0 (Linux; U; Android 15; V2513 Build\/AP3A.240905.015.A2_V000L1)&quot;,&quot;install_time&quot;:&quot;2026-01-06 16:02:28.348&quot;,&quot;agency&quot;:&quot;carhpin627&quot;,&quot;media_source&quot;:&quot;bigporrs_int&quot;,&quot;idfa&quot;:&quot;f887b31d-460b-477c-b159-1a9f2839a7b7&quot;,&quot;advertising_id&quot;:&quot;f887b31d-460b-477c-b159-1a9f2839a7b7&quot;,&quot;clickid&quot;:&quot;uwXM8BTN1IDOyQTM3cjN3ETM4YDNyMDNxczN2cTMEFEfyw3b2lmdtQERZ1CczRGf0czM1IjM&quot;,&quot;af_siteid&quot;:&quot;wdt_3_ou&quot;,&quot;af_status&quot;:&quot;Non-organic&quot;,&quot;af_sub1&quot;:null,&quot;cost_cents_USD&quot;:&quot;0&quot;,&quot;signature_v2&quot;:&quot;hHjdP-lVMlGbGhiKxo_u2GqeSkC6eND09e7fJPkIfVs&quot;,&quot;af_sub5&quot;:null,&quot;af_sub4&quot;:null,&quot;af_adset&quot;:&quot;1468&quot;,&quot;af_sub3&quot;:null,&quot;af_sub2&quot;:null,&quot;adset_id&quot;:null,&quot;esp_name&quot;:null,&quot;http_referrer&quot;:null,&quot;campaign&quot;:&quot;3dot14&quot;,&quot;is_universal_link&quot;:null,&quot;is_retargeting&quot;:&quot;false&quot;,&quot;adgroup&quot;:null}</string>
</map>
