<?xml version='1.0' encoding='utf-8' standalone='yes' ?>
<map>
    <string name="prev_event_name">home_page_refreshed</string>
    <int name="AF_CACHE_VERSION" value="2" />
    <boolean name="didSendRevenueTriggerOnLastBackground" value="false" />
    <long name="prev_event_timestamp" value="1768973294815" />
    <int name="appsFlyerInAppEventCount" value="248" />
    <long name="prev_session_dur" value="7" />
    <boolean name="ddl_sent" value="true" />
    <long name="af_rc_max_age" value="86400" />
    <string name="sentSuccessfully">true</string>
    <int name="versionCode" value="44" />
    <string name="af_remote_config">eyJmZWF0dXJlcyI6e30sInZlciI6ImRlZmF1bHQudjEuMTYzNzE0OTUyOSJ9</string>
    <string name="savedProperties">{&quot;logLevel&quot;:&quot;0&quot;}</string>
    <string name="AF_INSTALLATION">1768912682962-4567150249237040975</string>
    <boolean name="afUninstallToken_queued" value="false" />
    <int name="appsFlyerCount" value="20" />
    <long name="af_rc_timestamp" value="1768912683562" />
    <long name="AppsFlyerTimePassedSincePrevLaunch" value="1768973294162" />
    <boolean name="newGPReferrerSent" value="true" />
    <string name="appsFlyerFirstInstall">2026-01-20_180803+0530</string>
    <string name="attributionId">{&quot;install_time&quot;:&quot;2026-01-20 12:38:07.853&quot;,&quot;af_message&quot;:&quot;organic install&quot;,&quot;af_status&quot;:&quot;Organic&quot;,&quot;is_first_launch&quot;:false}</string>
</map>
