<?xml version='1.0' encoding='utf-8' standalone='yes' ?>
<map>
    <int name="AF_CACHE_VERSION" value="1" />
    <string name="prev_event_name">profile_page_seen</string>
    <long name="prev_event_timestamp" value="1768830844044" />
    <boolean name="didSendRevenueTriggerOnLastBackground" value="false" />
    <int name="appsFlyerInAppEventCount" value="28" />
    <string name="gcd">{&quot;net&quot;:1134,&quot;retries&quot;:0}</string>
    <long name="prev_session_dur" value="6" />
    <long name="af_rc_max_age" value="86400" />
    <boolean name="ddl_sent" value="true" />
    <string name="sentSuccessfully">true</string>
    <int name="versionCode" value="29" />
    <string name="af_remote_config">eyJmZWF0dXJlcyI6e30sInZlciI6ImRlZmF1bHQudjEuMTYzNzE0OTUyOSJ9</string>
    <string name="savedProperties">{&quot;logLevel&quot;:&quot;0&quot;}</string>
    <string name="AF_INSTALLATION">1768702687922-3156090718211623252</string>
    <boolean name="afUninstallToken_queued" value="false" />
    <int name="appsFlyerCount" value="6" />
    <long name="af_rc_timestamp" value="1768830840430" />
    <long name="AppsFlyerTimePassedSincePrevLaunch" value="1768830840436" />
    <long name="appsflyerConversionDataCacheExpiration" value="1768830842564" />
    <string name="appsFlyerFirstInstall">2026-01-18_074808+0530</string>
    <string name="attributionId">{&quot;adgroup_id&quot;:&quot;120238948057540254&quot;,&quot;retargeting_conversion_type&quot;:&quot;re-engagement&quot;,&quot;is_fb&quot;:true,&quot;is_first_launch&quot;:false,&quot;iscache&quot;:false,&quot;click_time&quot;:&quot;2026-01-19 04:04:06.000&quot;,&quot;adset&quot;:&quot;Purchase_NaseebKaKing3_VideoMixCat_IN_All_Test_070126&quot;,&quot;match_type&quot;:&quot;srn&quot;,&quot;af_channel&quot;:&quot;Instagram&quot;,&quot;is_paid&quot;:true,&quot;campaign_id&quot;:&quot;120237937641150254&quot;,&quot;install_time&quot;:&quot;2026-01-19 04:48:10.897&quot;,&quot;agency&quot;:null,&quot;media_source&quot;:&quot;Facebook Ads&quot;,&quot;af_siteid&quot;:null,&quot;af_status&quot;:&quot;Non-organic&quot;,&quot;af_sub1&quot;:null,&quot;ad_id&quot;:&quot;120238950112280254&quot;,&quot;af_sub5&quot;:null,&quot;af_sub4&quot;:null,&quot;af_sub3&quot;:null,&quot;af_sub2&quot;:null,&quot;adset_id&quot;:&quot;120238948057520254&quot;,&quot;http_referrer&quot;:null,&quot;campaign&quot;:&quot;FB_ABO_Hindi_AR_AppEvent_Purchase_CataloguewithVideo_IN_All_Test_131225&quot;,&quot;is_mobile_data_terms_signed&quot;:true,&quot;adgroup&quot;:&quot;NaseebKaKing3_VideoMixCat_Test_070112&quot;}</string>
</map>
