<?xml version='1.0' encoding='utf-8' standalone='yes' ?>
<map>
    <int name="AF_CACHE_VERSION" value="1" />
    <string name="prev_event_name">profile_page_seen</string>
    <boolean name="didSendRevenueTriggerOnLastBackground" value="false" />
    <long name="prev_event_timestamp" value="1768300773012" />
    <int name="appsFlyerInAppEventCount" value="10" />
    <string name="gcd">{&quot;net&quot;:1383,&quot;retries&quot;:0}</string>
    <long name="prev_session_dur" value="7" />
    <boolean name="ddl_sent" value="true" />
    <long name="af_rc_max_age" value="86400" />
    <string name="sentSuccessfully">true</string>
    <string name="af_remote_config">eyJmZWF0dXJlcyI6e30sInZlciI6ImRlZmF1bHQudjEuMTYzNzE0OTUyOSJ9</string>
    <int name="versionCode" value="27" />
    <string name="savedProperties">{&quot;logLevel&quot;:&quot;0&quot;}</string>
    <string name="AF_INSTALLATION">1768300763576-647951364022400682</string>
    <boolean name="afUninstallToken_queued" value="false" />
    <int name="appsFlyerCount" value="3" />
    <long name="af_rc_timestamp" value="1768300763876" />
    <long name="AppsFlyerTimePassedSincePrevLaunch" value="1768300770106" />
    <boolean name="newGPReferrerSent" value="true" />
    <string name="first_launch">{&quot;net&quot;:984,&quot;from_fg&quot;:3308,&quot;start_with&quot;:&quot;activity&quot;,&quot;init_to_fg&quot;:63}</string>
    <string name="appsFlyerFirstInstall"></string>
    <string name="attributionId">{&quot;install_time&quot;:&quot;2026-01-13 10:39:27.339&quot;,&quot;af_message&quot;:&quot;organic install&quot;,&quot;af_status&quot;:&quot;Organic&quot;,&quot;is_first_launch&quot;:false}</string>
</map>
