<?xml version='1.0' encoding='utf-8' standalone='yes' ?>
<map>
    <int name="AF_CACHE_VERSION" value="1" />
    <string name="prev_event_name">trailer_played</string>
    <boolean name="didSendRevenueTriggerOnLastBackground" value="false" />
    <long name="prev_event_timestamp" value="1758457132930" />
    <int name="appsFlyerInAppEventCount" value="59" />
    <long name="prev_session_dur" value="15" />
    <boolean name="ddl_sent" value="true" />
    <long name="af_rc_max_age" value="86400" />
    <string name="sentSuccessfully">true</string>
    <int name="versionCode" value="23" />
    <string name="af_remote_config">eyJmZWF0dXJlcyI6e30sInZlciI6ImRlZmF1bHQudjEuMTYzNzE0OTUyOSJ9</string>
    <string name="savedProperties">{&quot;logLevel&quot;:&quot;0&quot;}</string>
    <string name="AF_INSTALLATION">1758191213631-2069900627315157546</string>
    <boolean name="afUninstallToken_queued" value="false" />
    <int name="appsFlyerCount" value="25" />
    <long name="AppsFlyerTimePassedSincePrevLaunch" value="1758457130233" />
    <long name="af_rc_timestamp" value="1758391279780" />
    <boolean name="newGPReferrerSent" value="true" />
    <string name="first_launch">{&quot;from_fg&quot;:596,&quot;start_with&quot;:&quot;activity&quot;,&quot;init_to_fg&quot;:39}</string>
    <string name="appsFlyerFirstInstall"></string>
    <string name="attributionId">{&quot;install_time&quot;:&quot;2025-09-18 10:26:57.569&quot;,&quot;af_message&quot;:&quot;organic install&quot;,&quot;af_status&quot;:&quot;Organic&quot;,&quot;is_first_launch&quot;:false}</string>
</map>
