<?xml version='1.0' encoding='utf-8' standalone='yes' ?>
<map>
    <long name="first_open_time" value="1768912682680" />
    <string name="gmp_app_id">1:1023133728894:android:f25a671f5194e1d618d82f</string>
    <string name="app_instance_id">ae4228883f7a79a8b3ab9a7616a5cfba</string>
    <long name="session_id" value="1768973294" />
    <boolean name="app_backgrounded" value="false" />
    <long name="health_monitor:start" value="1768912683832" />
    <boolean name="use_service" value="true" />
    <boolean name="deferred_analytics_collection" value="false" />
    <string name="previous_os_version">9</string>
    <boolean name="has_been_opened" value="true" />
    <boolean name="allow_remote_dynamite" value="true" />
    <long name="last_pause_time" value="1768973294160" />
    <boolean name="start_new_session" value="false" />
</map>
