<?xml version='1.0' encoding='utf-8' standalone='yes' ?>
<map>
    <long name="first_open_time" value="1768287489749" />
    <string name="gmp_app_id">1:1023133728894:android:f25a671f5194e1d618d82f</string>
    <string name="app_instance_id">9062f5fc2da713703e66839bb459b3c9</string>
    <boolean name="app_backgrounded" value="true" />
    <long name="session_id" value="1768300769" />
    <long name="health_monitor:start" value="1768287499655" />
    <boolean name="use_service" value="true" />
    <boolean name="deferred_analytics_collection" value="false" />
    <string name="previous_os_version">11</string>
    <boolean name="has_been_opened" value="true" />
    <boolean name="allow_remote_dynamite" value="true" />
    <long name="last_pause_time" value="1768300776736" />
    <boolean name="start_new_session" value="false" />
</map>
