<?xml version='1.0' encoding='utf-8' standalone='yes' ?>
<map>
    <long name="first_open_time" value="1766407902153" />
    <string name="gmp_app_id">1:1023133728894:android:f25a671f5194e1d618d82f</string>
    <string name="app_instance_id">070465c97f6eb8934bb37dc3d51143c8</string>
    <long name="session_id" value="1766407902" />
    <boolean name="app_backgrounded" value="true" />
    <long name="health_monitor:start" value="1766407902601" />
    <boolean name="use_service" value="true" />
    <boolean name="deferred_analytics_collection" value="false" />
    <string name="previous_os_version">11</string>
    <boolean name="has_been_opened" value="true" />
    <string name="health_monitor:value">2EC133005:Opening the local database failed, dropping and recreating it</string>
    <boolean name="allow_remote_dynamite" value="true" />
    <long name="last_pause_time" value="1766407914781" />
    <boolean name="start_new_session" value="false" />
    <long name="health_monitor:count" value="2" />
</map>
