<?xml version='1.0' encoding='utf-8' standalone='yes' ?>
<map>
    <long name="first_open_time" value="1767715344626" />
    <string name="gmp_app_id">1:1023133728894:android:f25a671f5194e1d618d82f</string>
    <string name="app_instance_id">0c31511ae89e5cf6270787115d1af84a</string>
    <long name="session_id" value="1767751401" />
    <boolean name="app_backgrounded" value="true" />
    <long name="health_monitor:start" value="1767715345013" />
    <boolean name="use_service" value="true" />
    <boolean name="deferred_analytics_collection" value="false" />
    <string name="previous_os_version">10</string>
    <boolean name="has_been_opened" value="true" />
    <boolean name="allow_remote_dynamite" value="true" />
    <long name="last_pause_time" value="1767751406469" />
    <boolean name="start_new_session" value="false" />
</map>
