<?xml version='1.0' encoding='utf-8' standalone='yes' ?>
<map>
    <set name="fire-installations/18.0.0 android-min-sdk/24 fire-rc/22.1.2 device-brand/Redmi kotlin/2.2.0 fire-fcm-ktx/24.1.1 device-name/excalibur_in fire-abt/21.1.1 android-installer/com.android.vending fire-core/21.0.0 fire-android/30 fire-core-ktx/21.0.0 fire-fcm/24.1.1 fire-perf/21.0.5 fire-analytics/22.4.0 android-platform/ fire-analytics-ktx/22.4.0 fire-cls/19.4.4 device-model/excalibur fire-sessions/2.1.2 android-target-sdk/27 fire-transport/19.0.0">
        <string>2025-08-19</string>
    </set>
    <long name="fire-count" value="2" />
    <string name="last-used-date">2025-08-19</string>
    <set name="fire-installations/18.0.0 fire-rc/22.1.2 android-min-sdk/24 kotlin/2.2.0 fire-fcm-ktx/24.1.1 device-brand/realme fire-abt/21.1.1 fire-android/34 android-installer/com.android.vending fire-core/21.0.0 fire-core-ktx/21.0.0 fire-fcm/24.1.1 fire-perf/21.0.5 fire-analytics/22.4.0 android-platform/ device-name/RMX3660 fire-sessions/2.1.2 fire-cls/19.4.4 fire-analytics-ktx/22.4.0 android-target-sdk/27 fire-transport/19.0.0 device-model/RE588BL1">
        <string>2025-08-18</string>
    </set>
    <long name="fire-global" value="1755530530517" />
</map>
