<?xml version='1.0' encoding='utf-8' standalone='yes' ?>
<map>
    <string name="PERSISTENT_LOGS_WRITING_FILE">0</string>
    <string name="jp_asset_manage">false</string>
    <string name="juspay_android_id">efddb36b-4a3e-4824-a6a7-b95db6f04f36</string>
    <string name="LOG_CHANNEL_NAMES">default</string>
    <string name="TEMP_LOGS_WRITING_FILE">0</string>
    <string name="PERSISTENT_LOGS_READING_FILE">0</string>
    <string name="jp_hash_and_status">{&quot;payments\/in.juspay.hyperapi\/v1-index_bundle.jsa&quot;:{&quot;status&quot;:&quot;loaded&quot;},&quot;payments\/in.juspay.ec\/v1-index_bundle.jsa&quot;:{&quot;status&quot;:&quot;loaded&quot;},&quot;payments\/in.juspay.upiintent\/v1-config.jsa&quot;:{&quot;status&quot;:&quot;loaded&quot;},&quot;payments\/in.juspay.upiintent\/v1-index_bundle.jsa&quot;:{&quot;status&quot;:&quot;loaded&quot;}}</string>
    <string name="PERSISTENT_LOGS_READING_FILEdefault">0</string>
    <string name="juspay_device_id">a7c68888-54ed-413d-8eff-9d1b0b718774</string>
    <string name="LOGS_READING_FILE">0</string>
    <string name="TEMP_LOGS_READING_FILE">0</string>
    <string name="jos_download_list">{&quot;payments/in.juspay.upiintent/base.html&quot;:&quot;base.html&quot;,&quot;payments/in.juspay.ec/base.html&quot;:&quot;base.html&quot;,&quot;payments/in.juspay.hyperapi/base.html&quot;:&quot;base.html&quot;,&quot;payments/in.juspay.ec/v1-config.zip&quot;:&quot;https://assets.juspay.in/juspay/payments/in.juspay.ec/release/v1-config.zip&quot;,&quot;v1-tracker.zip&quot;:&quot;https://assets.juspay.in/hyper/bundles/app/tracker/2.1.5/v1-tracker.zip&quot;,&quot;payments/in.juspay.upiintent/v1-config.zip&quot;:&quot;https://assets.juspay.in/hyper/bundles/android/release/in.juspay.upiintent/2.0.0/common/2.0.151/v1-config.zip&quot;,&quot;payments/in.juspay.godel/v1-boot_loader.zip&quot;:&quot;https://assets.juspay.in/hyper/bundles/release/in.juspay.godel/android/1.0rc2/common/1.0.1/v1-boot_loader.zip&quot;,&quot;payments/in.juspay.godel/v1-config.zip&quot;:&quot;https://assets.juspay.in/hyper/bundles/config/in.juspay.godel/1.3.14/v1-config.zip&quot;,&quot;payments/in.juspay.godel/v1-acs.zip&quot;:&quot;https://assets.juspay.in/hyper/bundles/acs/in.juspay.godel/1.2.156/v1-acs.zip&quot;,&quot;payments/in.juspay.godel/v1-index_bundle.zip&quot;:&quot;https://assets.juspay.in/hyper/bundles/app/in.juspay.godel/1.4.12/android/v1-index_bundle.zip&quot;,&quot;payments/in.juspay.upiintent/v1-index_bundle.zip&quot;:&quot;https://assets.juspay.in/hyper/bundles/app/in.juspay.upiintent/4.17.5/android/v1-index_bundle.zip&quot;,&quot;payments/in.juspay.ec/v1-index_bundle.zip&quot;:&quot;https://assets.juspay.in/hyper/bundles/app/in.juspay.ec/3.45.0/android/v1-index_bundle.zip&quot;}</string>
    <string name="LOGS_WRITING_FILE">0</string>
    <string name="PERSISTENT_LOGS_WRITING_FILEdefault">0</string>
    <string name="jp_hyper_build_id">jus_2.2.2_1.0.1</string>
    <string name="asset_metadata.json">{&quot;config.json&quot;:{&quot;lastChecked&quot;:1761443315773,&quot;hashInDisk&quot;:&quot;ce0b4efa12881c12712a7a5020ffac09&quot;,&quot;zipHashInDisk&quot;:&quot;ce0b4efa12881c12712a7a5020ffac09&quot;},&quot;payments/in.juspay.ec/v1-config.jsa&quot;:{&quot;lastChecked&quot;:1761443317182,&quot;hashInDisk&quot;:&quot;ac0d44c5afa519f554bcf36920bacd76&quot;,&quot;zipHashInDisk&quot;:&quot;01ec08875f5d676ef172339e7d3f9b8f&quot;},&quot;v1-tracker.jsa&quot;:{&quot;lastChecked&quot;:1761567562861,&quot;hashInDisk&quot;:&quot;1b74dbb68504c16a4b21f6d27cfb53dc&quot;,&quot;zipHashInDisk&quot;:&quot;aaa02ff5876752444ee836872a0d9c66&quot;},&quot;payments/in.juspay.upiintent/v1-config.jsa&quot;:{&quot;lastChecked&quot;:1761443317229,&quot;hashInDisk&quot;:&quot;95383a7e2f3d061845ce80c0ccd9b4fe&quot;,&quot;zipHashInDisk&quot;:&quot;e35465fdb90f3d87fb8a9b19ab2aed74&quot;},&quot;payments/in.juspay.godel/v1-boot_loader.jsa&quot;:{&quot;lastChecked&quot;:1761443317335,&quot;hashInDisk&quot;:&quot;aeda8369b70dbd0a107ddd38f08738f5&quot;,&quot;zipHashInDisk&quot;:&quot;3b52f2f0d550507208f50689c5dff01f&quot;},&quot;payments/in.juspay.godel/v1-config.jsa&quot;:{&quot;lastChecked&quot;:1761567562790,&quot;hashInDisk&quot;:&quot;170e09559836e1dd4ae32e967f4fff5b&quot;,&quot;zipHashInDisk&quot;:&quot;bc416f5550dddfef7b9f0234ab5ce7d5&quot;},&quot;sdk_config.json&quot;:{&quot;lastChecked&quot;:1761443317364,&quot;hashInDisk&quot;:&quot;d439a238b00a38cad5ddeefcf3167fcb&quot;,&quot;zipHashInDisk&quot;:&quot;d439a238b00a38cad5ddeefcf3167fcb&quot;},&quot;payments/in.juspay.godel/v1-acs.jsa&quot;:{&quot;lastChecked&quot;:1761567562929,&quot;hashInDisk&quot;:&quot;8ce891f6d9fbb67c7e72d0dfe9911783&quot;,&quot;zipHashInDisk&quot;:&quot;d977c8464c5789c4495bdf6c60027e29&quot;},&quot;payments/in.juspay.godel/v1-index_bundle.jsa&quot;:{&quot;lastChecked&quot;:1761567562957,&quot;hashInDisk&quot;:&quot;f7b456bbe2e63b44896990960ac5e01f&quot;,&quot;zipHashInDisk&quot;:&quot;aac83d4b5662a4953c24e69fe64a615f&quot;},&quot;payments/in.juspay.upiintent/v1-index_bundle.jsa&quot;:{&quot;lastChecked&quot;:1761443317442,&quot;hashInDisk&quot;:&quot;45da1839889b8c565d0585c2a34faae0&quot;,&quot;zipHashInDisk&quot;:&quot;307f566672b79f174cd8d051df3ce205&quot;},&quot;payments/in.juspay.ec/v1-index_bundle.jsa&quot;:{&quot;lastChecked&quot;:1761443317512,&quot;hashInDisk&quot;:&quot;cad790e73ef43405abbedc8fd6f33d88&quot;,&quot;zipHashInDisk&quot;:&quot;efb63e522f55737a0395a741a11a071c&quot;}}</string>
    <string name="patch_toss">{&quot;ts&quot;:1761567560543,&quot;toss&quot;:96}</string>
</map>
