<?xml version='1.0' encoding='utf-8' standalone='yes' ?>
<map>
    <string name="key_entry_time_MOBUI_ICICIDC">1763911900496</string>
    <string name="juspay_android_id">720c6445-bd9b-4a69-bef3-72af5e9b3e76</string>
    <string name="LOG_CHANNEL_NAMES">default</string>
    <string name="juspay_device_id">9ef5c73c-3c8a-4189-ba7b-fa2e8ce58548</string>
    <string name="MOBUI_ICICIDC">32</string>
    <string name="key_entry_time_MOBUI_CITI">1763911900495</string>
    <string name="jos_download_list">{&quot;payments/in.juspay.upiintent/base.html&quot;:&quot;base.html&quot;,&quot;payments/in.juspay.ec/base.html&quot;:&quot;base.html&quot;,&quot;payments/in.juspay.hyperapi/base.html&quot;:&quot;base.html&quot;,&quot;payments/in.juspay.godel/v1-boot_loader.zip&quot;:&quot;https://assets.juspay.in/hyper/bundles/release/in.juspay.godel/android/1.0rc2/common/1.0.1/v1-boot_loader.zip&quot;,&quot;payments/in.juspay.upiintent/v1-config.zip&quot;:&quot;https://assets.juspay.in/hyper/bundles/android/release/in.juspay.upiintent/2.0.0/common/2.0.151/v1-config.zip&quot;,&quot;payments/in.juspay.godel/v1-config.zip&quot;:&quot;https://assets.juspay.in/hyper/bundles/config/in.juspay.godel/1.4.5/v1-config.zip&quot;,&quot;payments/in.juspay.ec/v1-config.zip&quot;:&quot;https://assets.juspay.in/juspay/payments/in.juspay.ec/release/v1-config.zip&quot;,&quot;v1-tracker.zip&quot;:&quot;https://assets.juspay.in/hyper/bundles/app/tracker/2.2.9/v1-tracker.zip&quot;,&quot;payments/in.juspay.godel/v1-acs.zip&quot;:&quot;https://assets.juspay.in/hyper/bundles/acs/in.juspay.godel/1.3.1/v1-acs.zip&quot;,&quot;payments/in.juspay.godel/v1-index_bundle.zip&quot;:&quot;https://assets.juspay.in/hyper/bundles/app/in.juspay.godel/1.8.1/android/v1-index_bundle.zip&quot;,&quot;payments/in.juspay.upiintent/v1-index_bundle.zip&quot;:&quot;https://assets.juspay.in/hyper/bundles/app/in.juspay.upiintent/4.17.5/android/v1-index_bundle.zip&quot;,&quot;payments/in.juspay.ec/v1-index_bundle.zip&quot;:&quot;https://assets.juspay.in/hyper/bundles/app/in.juspay.ec/3.45.0/android/v1-index_bundle.zip&quot;}</string>
    <string name="key_entry_time_should_use_fragment_config">1763911900483</string>
    <string name="key_entry_time_pi_CUBNB">1763911900494</string>
    <string name="LOGS_WRITING_FILE">0</string>
    <string name="PERSISTENT_LOGS_WRITING_FILEdefault">0</string>
    <string name="pi_CUBNB">46</string>
    <string name="asset_metadata.json">{&quot;config.json&quot;:{&quot;lastChecked&quot;:1763911891612,&quot;hashInDisk&quot;:&quot;f4fb2bf55a2fbe723121452bceedf7b0&quot;,&quot;zipHashInDisk&quot;:&quot;f4fb2bf55a2fbe723121452bceedf7b0&quot;},&quot;payments\/in.juspay.ec\/v1-index_bundle.jsa&quot;:{&quot;lastChecked&quot;:1763911892308,&quot;hashInDisk&quot;:&quot;cad790e73ef43405abbedc8fd6f33d88&quot;,&quot;zipHashInDisk&quot;:&quot;efb63e522f55737a0395a741a11a071c&quot;},&quot;payments\/in.juspay.godel\/v1-boot_loader.jsa&quot;:{&quot;lastChecked&quot;:1763911892023,&quot;hashInDisk&quot;:&quot;aeda8369b70dbd0a107ddd38f08738f5&quot;,&quot;zipHashInDisk&quot;:&quot;3b52f2f0d550507208f50689c5dff01f&quot;},&quot;sdk_config.json&quot;:{&quot;lastChecked&quot;:1763911892053,&quot;hashInDisk&quot;:&quot;71ca5e1eeebd86eb5c467be5dcbcc92a&quot;,&quot;zipHashInDisk&quot;:&quot;71ca5e1eeebd86eb5c467be5dcbcc92a&quot;},&quot;payments\/in.juspay.upiintent\/v1-config.jsa&quot;:{&quot;lastChecked&quot;:1763911892066,&quot;hashInDisk&quot;:&quot;95383a7e2f3d061845ce80c0ccd9b4fe&quot;,&quot;zipHashInDisk&quot;:&quot;e35465fdb90f3d87fb8a9b19ab2aed74&quot;},&quot;payments\/in.juspay.godel\/v1-config.jsa&quot;:{&quot;lastChecked&quot;:1763911892066,&quot;hashInDisk&quot;:&quot;a2f927d1a46193c09009175592811737&quot;,&quot;zipHashInDisk&quot;:&quot;148f6906bec2c7d45e84e895dff83dd0&quot;},&quot;payments\/in.juspay.ec\/v1-config.jsa&quot;:{&quot;lastChecked&quot;:1763911892068,&quot;hashInDisk&quot;:&quot;ac0d44c5afa519f554bcf36920bacd76&quot;,&quot;zipHashInDisk&quot;:&quot;01ec08875f5d676ef172339e7d3f9b8f&quot;},&quot;v1-tracker.jsa&quot;:{&quot;lastChecked&quot;:1763911892073,&quot;hashInDisk&quot;:&quot;d87288bc40eac2a474f7b992299f89a6&quot;,&quot;zipHashInDisk&quot;:&quot;c4223532dfd5df4b83cdf7946ded3503&quot;},&quot;payments\/in.juspay.godel\/v1-acs.jsa&quot;:{&quot;lastChecked&quot;:1763911892143,&quot;hashInDisk&quot;:&quot;d5c314ea117c7e02fbd3d4f746b3e125&quot;,&quot;zipHashInDisk&quot;:&quot;b562e4fcc1a9f783f78cce04547c0e0d&quot;},&quot;payments\/in.juspay.godel\/v1-index_bundle.jsa&quot;:{&quot;lastChecked&quot;:1763911892148,&quot;hashInDisk&quot;:&quot;f3ac65de17663fe8c387cb445701fd68&quot;,&quot;zipHashInDisk&quot;:&quot;49097bca5ee9b0604848bc17227b574f&quot;},&quot;payments\/in.juspay.upiintent\/v1-index_bundle.jsa&quot;:{&quot;lastChecked&quot;:1763911892228,&quot;hashInDisk&quot;:&quot;45da1839889b8c565d0585c2a34faae0&quot;,&quot;zipHashInDisk&quot;:&quot;307f566672b79f174cd8d051df3ce205&quot;},&quot;juspay_eye_hide.png&quot;:{&quot;lastChecked&quot;:1763911901000,&quot;hashInDisk&quot;:&quot;13fde2a0ec7ffa3a8dc53c67f9006771&quot;,&quot;zipHashInDisk&quot;:&quot;13fde2a0ec7ffa3a8dc53c67f9006771&quot;},&quot;juspay_eye_show.png&quot;:{&quot;lastChecked&quot;:1763911901022,&quot;hashInDisk&quot;:&quot;f95edf8d0c59b9a72000383c00364098&quot;,&quot;zipHashInDisk&quot;:&quot;f95edf8d0c59b9a72000383c00364098&quot;}}</string>
    <string name="PERSISTENT_LOGS_WRITING_FILE">0</string>
    <string name="jp_asset_manage">false</string>
    <string name="MOBUI_CITI">23</string>
    <string name="TEMP_LOGS_WRITING_FILE">0</string>
    <string name="PERSISTENT_LOGS_READING_FILE">0</string>
    <string name="jp_hash_and_status">{&quot;payments\/in.juspay.hyperapi\/v1-index_bundle.jsa&quot;:{&quot;status&quot;:&quot;loaded&quot;},&quot;payments\/in.juspay.ec\/v1-index_bundle.jsa&quot;:{&quot;status&quot;:&quot;loaded&quot;},&quot;payments\/in.juspay.upiintent\/v1-config.jsa&quot;:{&quot;status&quot;:&quot;loaded&quot;},&quot;payments\/in.juspay.upiintent\/v1-index_bundle.jsa&quot;:{&quot;status&quot;:&quot;loaded&quot;}}</string>
    <string name="PERSISTENT_LOGS_READING_FILEdefault">0</string>
    <string name="should_use_fragment_config">17</string>
    <string name="LOGS_READING_FILE">0</string>
    <string name="TEMP_LOGS_READING_FILE">0</string>
    <string name="jp_ihavetrackevent2">true</string>
    <string name="jp_hyper_build_id">jus_2.2.2_1.0.1</string>
    <string name="patch_toss">{&quot;ts&quot;:1763911890440,&quot;toss&quot;:16}</string>
</map>
