<?xml version='1.0' encoding='utf-8' standalone='yes' ?>
<map>
    <string name="PERSISTENT_LOGS_WRITING_FILE">0</string>
    <string name="jp_asset_manage">false</string>
    <string name="juspay_android_id">ae029c80-6a97-447f-970b-802af22a5865</string>
    <string name="LOG_CHANNEL_NAMES">default</string>
    <string name="TEMP_LOGS_WRITING_FILE">0</string>
    <string name="PERSISTENT_LOGS_READING_FILE">0</string>
    <string name="jp_hash_and_status">{&quot;payments\/in.juspay.hyperapi\/v1-index_bundle.jsa&quot;:{&quot;status&quot;:&quot;loaded&quot;},&quot;payments\/in.juspay.ec\/v1-index_bundle.jsa&quot;:{&quot;status&quot;:&quot;loaded&quot;},&quot;payments\/in.juspay.upiintent\/v1-config.jsa&quot;:{&quot;status&quot;:&quot;loaded&quot;},&quot;payments\/in.juspay.upiintent\/v1-index_bundle.jsa&quot;:{&quot;status&quot;:&quot;loaded&quot;}}</string>
    <string name="PERSISTENT_LOGS_READING_FILEdefault">0</string>
    <string name="juspay_device_id">f9e119ab-1f04-4cc8-aa4f-2cc37439a743</string>
    <string name="LOGS_READING_FILE">0</string>
    <string name="TEMP_LOGS_READING_FILE">0</string>
    <string name="jos_download_list">{&quot;payments/in.juspay.upiintent/base.html&quot;:&quot;base.html&quot;,&quot;payments/in.juspay.ec/base.html&quot;:&quot;base.html&quot;,&quot;payments/in.juspay.hyperapi/base.html&quot;:&quot;base.html&quot;,&quot;payments/in.juspay.ec/v1-config.zip&quot;:&quot;https://assets.juspay.in/juspay/payments/in.juspay.ec/release/v1-config.zip&quot;,&quot;payments/in.juspay.upiintent/v1-config.zip&quot;:&quot;https://assets.juspay.in/hyper/bundles/android/release/in.juspay.upiintent/2.0.0/common/2.0.151/v1-config.zip&quot;,&quot;payments/in.juspay.godel/v1-config.zip&quot;:&quot;https://assets.juspay.in/hyper/bundles/config/in.juspay.godel/1.4.5/v1-config.zip&quot;,&quot;v1-tracker.zip&quot;:&quot;https://assets.juspay.in/hyper/bundles/app/tracker/2.2.9/v1-tracker.zip&quot;,&quot;payments/in.juspay.godel/v1-boot_loader.zip&quot;:&quot;https://assets.juspay.in/hyper/bundles/release/in.juspay.godel/android/1.0rc2/common/1.0.1/v1-boot_loader.zip&quot;,&quot;payments/in.juspay.upiintent/v1-index_bundle.zip&quot;:&quot;https://assets.juspay.in/hyper/bundles/app/in.juspay.upiintent/4.17.5/android/v1-index_bundle.zip&quot;,&quot;payments/in.juspay.godel/v1-index_bundle.zip&quot;:&quot;https://assets.juspay.in/hyper/bundles/app/in.juspay.godel/1.8.1/android/v1-index_bundle.zip&quot;,&quot;payments/in.juspay.godel/v1-acs.zip&quot;:&quot;https://assets.juspay.in/hyper/bundles/acs/in.juspay.godel/1.3.1/v1-acs.zip&quot;,&quot;payments/in.juspay.ec/v1-index_bundle.zip&quot;:&quot;https://assets.juspay.in/hyper/bundles/app/in.juspay.ec/3.45.0/android/v1-index_bundle.zip&quot;}</string>
    <string name="LOGS_WRITING_FILE">0</string>
    <string name="PERSISTENT_LOGS_WRITING_FILEdefault">0</string>
    <string name="jp_hyper_build_id">jus_2.2.2_1.0.1</string>
    <string name="asset_metadata.json">{&quot;config.json&quot;:{&quot;lastChecked&quot;:1766319951296,&quot;hashInDisk&quot;:&quot;a40dd9c60fcb548935d52c602ed64d32&quot;,&quot;zipHashInDisk&quot;:&quot;a40dd9c60fcb548935d52c602ed64d32&quot;},&quot;payments\/in.juspay.ec\/v1-config.jsa&quot;:{&quot;lastChecked&quot;:1766319952155,&quot;hashInDisk&quot;:&quot;ac0d44c5afa519f554bcf36920bacd76&quot;,&quot;zipHashInDisk&quot;:&quot;01ec08875f5d676ef172339e7d3f9b8f&quot;},&quot;sdk_config.json&quot;:{&quot;lastChecked&quot;:1766319952161,&quot;hashInDisk&quot;:&quot;4b2e180f8ea6de62681c71fd27c090a3&quot;,&quot;zipHashInDisk&quot;:&quot;4b2e180f8ea6de62681c71fd27c090a3&quot;},&quot;payments\/in.juspay.upiintent\/v1-config.jsa&quot;:{&quot;lastChecked&quot;:1766319952163,&quot;hashInDisk&quot;:&quot;95383a7e2f3d061845ce80c0ccd9b4fe&quot;,&quot;zipHashInDisk&quot;:&quot;e35465fdb90f3d87fb8a9b19ab2aed74&quot;},&quot;payments\/in.juspay.godel\/v1-config.jsa&quot;:{&quot;lastChecked&quot;:1766319952170,&quot;hashInDisk&quot;:&quot;a2f927d1a46193c09009175592811737&quot;,&quot;zipHashInDisk&quot;:&quot;148f6906bec2c7d45e84e895dff83dd0&quot;},&quot;v1-tracker.jsa&quot;:{&quot;lastChecked&quot;:1766319952171,&quot;hashInDisk&quot;:&quot;d87288bc40eac2a474f7b992299f89a6&quot;,&quot;zipHashInDisk&quot;:&quot;c4223532dfd5df4b83cdf7946ded3503&quot;},&quot;payments\/in.juspay.godel\/v1-boot_loader.jsa&quot;:{&quot;lastChecked&quot;:1766319952171,&quot;hashInDisk&quot;:&quot;aeda8369b70dbd0a107ddd38f08738f5&quot;,&quot;zipHashInDisk&quot;:&quot;3b52f2f0d550507208f50689c5dff01f&quot;},&quot;payments\/in.juspay.upiintent\/v1-index_bundle.jsa&quot;:{&quot;lastChecked&quot;:1766319952184,&quot;hashInDisk&quot;:&quot;45da1839889b8c565d0585c2a34faae0&quot;,&quot;zipHashInDisk&quot;:&quot;307f566672b79f174cd8d051df3ce205&quot;},&quot;payments\/in.juspay.godel\/v1-index_bundle.jsa&quot;:{&quot;lastChecked&quot;:1766319952188,&quot;hashInDisk&quot;:&quot;f3ac65de17663fe8c387cb445701fd68&quot;,&quot;zipHashInDisk&quot;:&quot;49097bca5ee9b0604848bc17227b574f&quot;},&quot;payments\/in.juspay.godel\/v1-acs.jsa&quot;:{&quot;lastChecked&quot;:1766319952195,&quot;hashInDisk&quot;:&quot;d5c314ea117c7e02fbd3d4f746b3e125&quot;,&quot;zipHashInDisk&quot;:&quot;b562e4fcc1a9f783f78cce04547c0e0d&quot;},&quot;payments\/in.juspay.ec\/v1-index_bundle.jsa&quot;:{&quot;lastChecked&quot;:1766319952213,&quot;hashInDisk&quot;:&quot;cad790e73ef43405abbedc8fd6f33d88&quot;,&quot;zipHashInDisk&quot;:&quot;efb63e522f55737a0395a741a11a071c&quot;},&quot;juspay_icon.png&quot;:{&quot;lastChecked&quot;:1766319969598,&quot;hashInDisk&quot;:&quot;3626e7eb37bb64b4b96db72225a9c5f0&quot;,&quot;zipHashInDisk&quot;:&quot;3626e7eb37bb64b4b96db72225a9c5f0&quot;}}</string>
    <string name="patch_toss">{&quot;ts&quot;:1766319950534,&quot;toss&quot;:17}</string>
</map>
