<?xml version='1.0' encoding='utf-8' standalone='yes' ?>
<map>
    <string name="isCUGUser">false</string>
    <string name="key_entry_time_MOBUI_ICICIDC">1767425139952</string>
    <string name="juspay_android_id">9deefb16-26ea-41e7-9953-e810a680424c</string>
    <string name="LOG_CHANNEL_NAMES">default</string>
    <string name="juspay_device_id">39063f18-2637-4806-817a-9d7ba9322196</string>
    <string name="MOBUI_ICICIDC">7</string>
    <string name="key_entry_time_MOBUI_CITI">1767425139944</string>
    <string name="key_entry_time_should_use_fragment_config">1767425139931</string>
    <string name="key_entry_time_pi_CUBNB">1767425139938</string>
    <string name="isBetaUser">false</string>
    <string name="jp_external_blocked_hashes">{&quot;in.juspay.vies&quot;:[],&quot;in.juspay.ec&quot;:[]}</string>
    <string name="LOGS_WRITING_FILE">0</string>
    <string name="PERSISTENT_LOGS_WRITING_FILEdefault">0</string>
    <string name="pi_CUBNB">62</string>
    <string name="asset_metadata.json">{&quot;v1-loader_bundle.jsa&quot;:{&quot;lastChecked&quot;:1767424973317,&quot;hashInDisk&quot;:&quot;1937f076f5862925a35e09c90e8596a3&quot;,&quot;zipHashInDisk&quot;:&quot;c748309d38886c43e808bf77a014f545&quot;},&quot;config.json&quot;:{&quot;lastChecked&quot;:1767424973247,&quot;hashInDisk&quot;:&quot;582d6427b002265708b4b545c1da4ad3&quot;,&quot;zipHashInDisk&quot;:&quot;582d6427b002265708b4b545c1da4ad3&quot;},&quot;manifest.json&quot;:{&quot;lastChecked&quot;:1767424973248,&quot;hashInDisk&quot;:&quot;a8a8d70983d58eb4adb163247652d3bf&quot;,&quot;zipHashInDisk&quot;:&quot;a8a8d70983d58eb4adb163247652d3bf&quot;},&quot;sdk_config.json&quot;:{&quot;lastChecked&quot;:1767424973376,&quot;hashInDisk&quot;:&quot;aed6c36ab41c68befb45b6f172d69017&quot;,&quot;zipHashInDisk&quot;:&quot;aed6c36ab41c68befb45b6f172d69017&quot;},&quot;v1-tracker.jsa&quot;:{&quot;lastChecked&quot;:1767424978056,&quot;hashInDisk&quot;:&quot;d87288bc40eac2a474f7b992299f89a6&quot;,&quot;zipHashInDisk&quot;:&quot;c4223532dfd5df4b83cdf7946ded3503&quot;},&quot;payments\/in.juspay.ec\/v1-config.jsa&quot;:{&quot;lastChecked&quot;:1767424977443,&quot;hashInDisk&quot;:&quot;ac0d44c5afa519f554bcf36920bacd76&quot;,&quot;zipHashInDisk&quot;:&quot;01ec08875f5d676ef172339e7d3f9b8f&quot;},&quot;payments\/in.juspay.godel\/v1-boot_loader.jsa&quot;:{&quot;lastChecked&quot;:1767424977780,&quot;hashInDisk&quot;:&quot;aeda8369b70dbd0a107ddd38f08738f5&quot;,&quot;zipHashInDisk&quot;:&quot;3b52f2f0d550507208f50689c5dff01f&quot;},&quot;payments\/in.juspay.upiintent\/v1-index_bundle.jsa&quot;:{&quot;lastChecked&quot;:1767424980459,&quot;hashInDisk&quot;:&quot;45da1839889b8c565d0585c2a34faae0&quot;,&quot;zipHashInDisk&quot;:&quot;307f566672b79f174cd8d051df3ce205&quot;},&quot;payments\/in.juspay.godel\/v1-config.jsa&quot;:{&quot;lastChecked&quot;:1767424977851,&quot;hashInDisk&quot;:&quot;a2f927d1a46193c09009175592811737&quot;,&quot;zipHashInDisk&quot;:&quot;148f6906bec2c7d45e84e895dff83dd0&quot;},&quot;payments\/in.juspay.godel\/v1-index_bundle.jsa&quot;:{&quot;lastChecked&quot;:1767424978074,&quot;hashInDisk&quot;:&quot;f3ac65de17663fe8c387cb445701fd68&quot;,&quot;zipHashInDisk&quot;:&quot;49097bca5ee9b0604848bc17227b574f&quot;},&quot;payments\/in.juspay.godel\/v1-acs.jsa&quot;:{&quot;lastChecked&quot;:1767424978632,&quot;hashInDisk&quot;:&quot;d5c314ea117c7e02fbd3d4f746b3e125&quot;,&quot;zipHashInDisk&quot;:&quot;b562e4fcc1a9f783f78cce04547c0e0d&quot;},&quot;payments\/in.juspay.ec\/v1-index_bundle.jsa&quot;:{&quot;lastChecked&quot;:1767424978722,&quot;hashInDisk&quot;:&quot;cad790e73ef43405abbedc8fd6f33d88&quot;,&quot;zipHashInDisk&quot;:&quot;efb63e522f55737a0395a741a11a071c&quot;},&quot;payments\/in.juspay.upiintent\/v1-config.jsa&quot;:{&quot;lastChecked&quot;:1767424979533,&quot;hashInDisk&quot;:&quot;95383a7e2f3d061845ce80c0ccd9b4fe&quot;,&quot;zipHashInDisk&quot;:&quot;e35465fdb90f3d87fb8a9b19ab2aed74&quot;},&quot;juspay_eye_hide.png&quot;:{&quot;lastChecked&quot;:1767425143350,&quot;hashInDisk&quot;:&quot;13fde2a0ec7ffa3a8dc53c67f9006771&quot;,&quot;zipHashInDisk&quot;:&quot;13fde2a0ec7ffa3a8dc53c67f9006771&quot;},&quot;juspay_eye_show.png&quot;:{&quot;lastChecked&quot;:1767425143350,&quot;hashInDisk&quot;:&quot;f95edf8d0c59b9a72000383c00364098&quot;,&quot;zipHashInDisk&quot;:&quot;f95edf8d0c59b9a72000383c00364098&quot;}}</string>
    <string name="PERSISTENT_LOGS_WRITING_FILE">0</string>
    <string name="jp_asset_manage">false</string>
    <string name="patchToss">{&quot;ts&quot;:1767424971491,&quot;toss&quot;:26}</string>
    <string name="MOBUI_CITI">41</string>
    <string name="TEMP_LOGS_WRITING_FILE">0</string>
    <string name="PERSISTENT_LOGS_READING_FILE">0</string>
    <string name="jp_hash_and_status">{&quot;v1-boot_loader.jsa&quot;:{&quot;status&quot;:&quot;loaded&quot;},&quot;v1-config.jsa&quot;:{&quot;status&quot;:&quot;loaded&quot;},&quot;config.json&quot;:{&quot;status&quot;:&quot;loaded&quot;},&quot;payments\/in.juspay.hyperapi\/v1-index_bundle.jsa&quot;:{&quot;status&quot;:&quot;loaded&quot;},&quot;payments\/in.juspay.ec\/v1-index_bundle.jsa&quot;:{&quot;status&quot;:&quot;loaded&quot;},&quot;payments\/in.juspay.upiintent\/v1-config.jsa&quot;:{&quot;status&quot;:&quot;loaded&quot;},&quot;payments\/in.juspay.upiintent\/v1-index_bundle.jsa&quot;:{&quot;status&quot;:&quot;loaded&quot;}}</string>
    <string name="PERSISTENT_LOGS_READING_FILEdefault">0</string>
    <string name="should_use_fragment_config">71</string>
    <string name="LOGS_READING_FILE">0</string>
    <string name="TEMP_LOGS_READING_FILE">0</string>
    <string name="jp_ihavetrackevent2">true</string>
    <string name="jp_hyper_build_id">jus_2.2.2_1.0.1</string>
    <string name="tossInfo">{&quot;id&quot;:&quot;4809756657058186-patch-1.67.1-v2&quot;,&quot;toss&quot;:7}</string>
    <string name="patch_toss">{&quot;ts&quot;:1767424969578,&quot;toss&quot;:94}</string>
</map>
