{
  "hyper": {
    "bundles": {
      "acs": {
        "in.juspay.godel": {
          "1.2.156": {
            "v1-acs.zip": {
              "hash": "d977c8464c5789c4495bdf6c60027e29"
            }
          },
          "1.3.1": {
            "v1-acs.zip": {
              "hash": "b562e4fcc1a9f783f78cce04547c0e0d"
            }
          }
        }
      },
      "android": {
        "release": {
          "in.juspay.upiintent": {
            "2.0.0": {
              "common": {
                "2.0.151": {
                  "v1-config.zip": {
                    "hash": "e35465fdb90f3d87fb8a9b19ab2aed74"
                  }
                }
              }
            }
          }
        }
      },
      "app": {
        "in.juspay.dotp": {
          "5.0.39": {
            "android": {
              "v1-index_bundle.zip": {
                "hash": "0900487dee11e477b6b4079b90f90496"
              }
            }
          }
        },
        "in.juspay.ec": {
          "3.45.0": {
            "android": {
              "v1-index_bundle.zip": {
                "hash": "efb63e522f55737a0395a741a11a071c"
              }
            }
          }
        },
        "in.juspay.escrow": {
          "4.1.15": {
            "android": {
              "v1-index_bundle.zip": {
                "hash": "eaeb64aaf624f91ba9f2b7cb419105eb"
              }
            }
          }
        },
        "in.juspay.flyer": {
          "2.5.2": {
            "android": {
              "v1-index_bundle.zip": {
                "hash": "f839bc6db955a6f8e23935445de08265"
              }
            }
          }
        },
        "in.juspay.godel": {
          "1.1.1": {
            "android": {
              "v1-index_bundle.zip": {
                "hash": "2ca7a415a33ec26826dacf7d6e55b0a5"
              }
            }
          },
          "1.4.16": {
            "android": {
              "v1-index_bundle.zip": {
                "hash": "76683da33f83a0bfc353ec2a83ee7a8e"
              }
            }
          }
        },
        "in.juspay.hyperpay": {
          "4.107.10-release-20250505.0": {
            "android": {
              "v1-index_bundle.zip": {
                "hash": "e7d8189ec420b2a09e999342371cbf45"
              }
            }
          }
        },
        "in.juspay.hyperupi": {
          "2.5.18": {
            "android": {
              "v1-index_bundle.zip": {
                "hash": "744555847a36002061eae03133dd3a19"
              }
            }
          }
        },
        "in.juspay.inappupi": {
          "2.1.82": {
            "android": {
              "v1-index_bundle.zip": {
                "hash": "9d132e40d02379c0bf6642342799eb8c"
              }
            }
          }
        },
        "in.juspay.upiintent": {
          "4.17.5": {
            "android": {
              "v1-index_bundle.zip": {
                "hash": "307f566672b79f174cd8d051df3ce205"
              }
            }
          }
        },
        "tracker": {
          "2.1.5": {
            "v1-tracker.zip": {
              "hash": "aaa02ff5876752444ee836872a0d9c66"
            }
          }
        }
      },
      "config": {
        "in.juspay.godel": {
          "1.3.14": {
            "v1-config.zip": {
              "hash": "bc416f5550dddfef7b9f0234ab5ce7d5"
            }
          },
          "1.3.15": {
            "v1-config.zip": {
              "hash": "d6c7222370a20cbdc8f4e17b565017e7"
            }
          },
          "1.4.0": {
            "v1-config.zip": {
              "hash": "b2ebd2dcc4f597229d06e4008e942466"
            }
          },
          "1.4.2": {
            "v1-config.zip": {
              "hash": "ba1cf0e454c3818da2c789cc730d0df1"
            }
          }
        }
      },
      "in.juspay.merchants": {
        "bbdaily": {
          "ios": {
            "release": {
              "config.json": {
                "hash": "3hkj23h5k23jh52kj3h"
              }
            }
          }
        },
        "defaultclient": {
          "configuration": {
            "1.5": {
              "v1-configuration.zip": {
                "hash": "99eccf91c645d2fbfed05540d6b7f3d6"
              },
              "v1-icons.zip": {
                "hash": "ac79bbfc9f0e23fb766e7dabab7a3087"
              },
              "v1-strings.zip": {
                "hash": "f1d7a261a390ac8552e82a9ebabce9a3"
              }
            }
          }
        },
        "storytv": {
          "android": {
            "release": {
              "sdk_config.json": {
                "hash": "75fef58c3ef8341fbef1ea7fd4e73deb"
              }
            }
          }
        }
      },
      "release": {
        "in.juspay.godel": {
          "android": {
            "1.0rc2": {
              "common": {
                "1.0.1": {
                  "v1-boot_loader.zip": {
                    "hash": "3b52f2f0d550507208f50689c5dff01f"
                  }
                }
              }
            }
          }
        }
      }
    }
  },
  "juspay": {
    "payments": {
      "in.juspay.ec": {
        "release": {
          "v1-config.zip": {
            "hash": "01ec08875f5d676ef172339e7d3f9b8f"
          }
        }
      }
    }
  }
}