{"Fid":"ci-GrTqPSzaOrJwq7_tLYS","Status":3,"AuthToken":"eyJhbGciOiJFUzI1NiIsInR5cCI6IkpXVCJ9.eyJhcHBJZCI6IjE6MTAyMzEzMzcyODg5NDphbmRyb2lkOmYyNWE2NzFmNTE5NGUxZDYxOGQ4MmYiLCJleHAiOjE3NjI0NDIzMDgsImZpZCI6ImNpLUdyVHFQU3phT3JKd3E3X3RMWVMiLCJwcm9qZWN0TnVtYmVyIjoxMDIzMTMzNzI4ODk0fQ.AB2LPV8wRQIgYPfe8NMLj8vX_AECRfdglKzygjj1gVse7bifjqo-AWYCIQDMlLkVREOf4SE87Pahj64AvfHlFUuG1nQII-APIekVyg","RefreshToken":"3_AS3qfwLpvCLDEa6YUDOjQdsONpljQo8G7dwZ9fqc_2hSkG4--vGRz3abrIqNM94tfoOhEzjGFmpmgbVJZ5oFdoGn1zjH-LWAXB5aZsdoBAR6SQ","TokenCreationEpochInSecs":1761837508,"ExpiresInSecs":604800}