{"Fid":"e92cXfuLTF2Rd5eBwcrI4I","Status":3,"AuthToken":"eyJhbGciOiJFUzI1NiIsInR5cCI6IkpXVCJ9.eyJhcHBJZCI6IjE6MTAyMzEzMzcyODg5NDphbmRyb2lkOmYyNWE2NzFmNTE5NGUxZDYxOGQ4MmYiLCJleHAiOjE3NjE3NTEwMzgsImZpZCI6ImU5MmNYZnVMVEYyUmQ1ZUJ3Y3JJNEkiLCJwcm9qZWN0TnVtYmVyIjoxMDIzMTMzNzI4ODk0fQ.AB2LPV8wRQIhALUNTUOjkhIouwA2Ino4nPkWFpU548EAeBJy9Rwxvx0uAiARWlVFyllGBttcuks-njK7Vz6R8eXK4hmfugKbyQ2eog","RefreshToken":"3_AS3qfwLRmC2f759eaak8cZkV52UP-mQfjum4xdYyNr8nPF4n_9o2f5yKWQHpnJbi1_t6gbif4tg1U1rtDdh3xOerDZi8TWg4n6q3cfXOsNrdhPo","TokenCreationEpochInSecs":1761146239,"ExpiresInSecs":604800}