{"Fid":"fTw_LYdGQnWkcC4nr4knUQ","Status":3,"AuthToken":"eyJhbGciOiJFUzI1NiIsInR5cCI6IkpXVCJ9.eyJhcHBJZCI6IjE6MTAyMzEzMzcyODg5NDphbmRyb2lkOmYyNWE2NzFmNTE5NGUxZDYxOGQ4MmYiLCJleHAiOjE3Njc2MzQwMTEsImZpZCI6ImZUd19MWWRHUW5Xa2NDNG5yNGtuVVEiLCJwcm9qZWN0TnVtYmVyIjoxMDIzMTMzNzI4ODk0fQ.AB2LPV8wRAIgRflFI6p9VephMi_YixFAlXRdqRz7hFT-2WzXDxw45YMCIGqDGOE7vrED04bfmP1HLEojKEZCHw-0PXzDPAVtCO_e","RefreshToken":"3_AS3qfwLivl9clgWN5L4hrAe6co2LUOJFXfPwQSAXfiBEYmc9TqtAotdyQzltWUXLINkZWj7SvaZyq4cqC34g0flwZS_ZErvnurbeYeY8YxSjAfI","TokenCreationEpochInSecs":1767029210,"ExpiresInSecs":604800}