{"Fid":"eH4bmiV9RkWFjORdapJIIo","Status":3,"AuthToken":"eyJhbGciOiJFUzI1NiIsInR5cCI6IkpXVCJ9.eyJhcHBJZCI6IjE6MTAyMzEzMzcyODg5NDphbmRyb2lkOmYyNWE2NzFmNTE5NGUxZDYxOGQ4MmYiLCJleHAiOjE3NjE1MjE4MzIsImZpZCI6ImVINGJtaVY5UmtXRmpPUmRhcEpJSW8iLCJwcm9qZWN0TnVtYmVyIjoxMDIzMTMzNzI4ODk0fQ.AB2LPV8wRgIhAK8O4HvTcv9tW2oL0mMo9k16_DqgCnvngsMsO-PasvyFAiEAvDmiFRGgbjzFgKcMUve5M4u8zMIG-t2ZWrob7fAK4eE","RefreshToken":"3_AS3qfwJeqrRh_n40-xAZOWyemvomQVX4QktYdeuiB9zZRdLvPcTPHVcff91Udpk0GZKi39SAnTfiZrAyGjGfNfdzpl0wkUVKx4rUxeEFxdkp4C8","TokenCreationEpochInSecs":1760917031,"ExpiresInSecs":604800}