{"Fid":"c2KsRZjVRRK489veR9Yj8r","Status":3,"AuthToken":"eyJhbGciOiJFUzI1NiIsInR5cCI6IkpXVCJ9.eyJhcHBJZCI6IjE6MTAyMzEzMzcyODg5NDphbmRyb2lkOmYyNWE2NzFmNTE5NGUxZDYxOGQ4MmYiLCJleHAiOjE3NjgzNTYyMDQsImZpZCI6ImMyS3NSWmpWUlJLNDg5dmVSOVlqOHIiLCJwcm9qZWN0TnVtYmVyIjoxMDIzMTMzNzI4ODk0fQ.AB2LPV8wRQIhALtx-R28-G5KS5_am37rA-NuVweSgBc-8x0tIXF-l_AcAiA6ZeytYa3fxxZ-XNNDmTQri0FHSntTO1smr9LgGxemiQ","RefreshToken":"3_AS3qfwJ9gTlVq13BTez0FkNUqi7dC35Q1pI6Ya6esHSIE4t6h4uHkljbYxj2K-7VTqD0rqu7R9gGa6Ba6dtnpLB3Z66aQxcFi5eFUv_I0ZiyWQ","TokenCreationEpochInSecs":1767751403,"ExpiresInSecs":604800}