{"Fid":"dLSWRh_hRbyiR_KcP9NWjj","Status":3,"AuthToken":"eyJhbGciOiJFUzI1NiIsInR5cCI6IkpXVCJ9.eyJhcHBJZCI6IjE6MTAyMzEzMzcyODg5NDphbmRyb2lkOmYyNWE2NzFmNTE5NGUxZDYxOGQ4MmYiLCJleHAiOjE3NjgyNzAwNzgsImZpZCI6ImRMU1dSaF9oUmJ5aVJfS2NQOU5XamoiLCJwcm9qZWN0TnVtYmVyIjoxMDIzMTMzNzI4ODk0fQ.AB2LPV8wRgIhAJWjdWcW8bQfr9uJHt9kRhizvAAeMRlwi7q2xt3KRd7TAiEAqnIj59ShoYcq6nBY9k5oJRL-hxf5gVG98zqeIodXtfQ","RefreshToken":"3_AS3qfwJ1aVeG5x_UOQS_YSGDpOF2k6tqOaxaHRSM8dQi_8hDY77FUoCsyYlbhDuAqqiAOyGmiyi854LYdu-FNeVyV7vBRaq5dDIFPaxeaOF4so4","TokenCreationEpochInSecs":1767665278,"ExpiresInSecs":604800}