{"Fid":"dQ8MD8LBQJmVQptoXHhRqd","Status":3,"AuthToken":"eyJhbGciOiJFUzI1NiIsInR5cCI6IkpXVCJ9.eyJhcHBJZCI6IjE6MTAyMzEzMzcyODg5NDphbmRyb2lkOmYyNWE2NzFmNTE5NGUxZDYxOGQ4MmYiLCJleHAiOjE3NTYxMzUzMzEsImZpZCI6ImRROE1EOExCUUptVlFwdG9YSGhScWQiLCJwcm9qZWN0TnVtYmVyIjoxMDIzMTMzNzI4ODk0fQ.AB2LPV8wRQIgcWTk8s8IcqAPzYEFfZjh2ol5AhgUOCgYuPqzsXmagzUCIQDn22nQiyUZopbcRF-pKGnIszRZXJtpnCT1Xwzj_Fu-pw","RefreshToken":"3_AS3qfwJPgAZFPGr886hOSjuecIEiYzeqakVUUV5ctracneFBvndz0zSveEi0itvaAGK5fn4JoK3b2CMv26myXFSW9zav84CMXyKRBnCSTUecxhA","TokenCreationEpochInSecs":1755530531,"ExpiresInSecs":604800}