{"Fid":"eBgx35JFRGOeU_2d5ih6IJ","Status":3,"AuthToken":"eyJhbGciOiJFUzI1NiIsInR5cCI6IkpXVCJ9.eyJhcHBJZCI6IjE6MTAyMzEzMzcyODg5NDphbmRyb2lkOmYyNWE2NzFmNTE5NGUxZDYxOGQ4MmYiLCJleHAiOjE3NjA4NTU5MDIsImZpZCI6ImVCZ3gzNUpGUkdPZVVfMmQ1aWg2SUoiLCJwcm9qZWN0TnVtYmVyIjoxMDIzMTMzNzI4ODk0fQ.AB2LPV8wRgIhAKn8yCMGxtbMpE68F4dZUayBft7HvHVjehcDC9hAMrNlAiEAvOzNLs4k-DA5-OnHjMHYT3R6nSLFGVUefR2WhA6ZYM4","RefreshToken":"3_AS3qfwKvVlCtSZti1j-3b9oeqlIuhdkGpEmbxlFh8qETT5vwxhAei3gd8fjrgDHnvXe1CbmEMCCno1gPPhAdWvIA4eWcZswESlj8jtL3TPm5yQ","TokenCreationEpochInSecs":1760251101,"ExpiresInSecs":604800}