{"Fid":"fO37XHxlQLGfXIyXvkcFxw","Status":3,"AuthToken":"eyJhbGciOiJFUzI1NiIsInR5cCI6IkpXVCJ9.eyJhcHBJZCI6IjE6MTAyMzEzMzcyODg5NDphbmRyb2lkOmYyNWE2NzFmNTE5NGUxZDYxOGQ4MmYiLCJleHAiOjE3NTg3OTYwMTQsImZpZCI6ImZPMzdYSHhsUUxHZlhJeVh2a2NGeHciLCJwcm9qZWN0TnVtYmVyIjoxMDIzMTMzNzI4ODk0fQ.AB2LPV8wRQIgNgSESHDF1zJLA1OBXOjiIWm3JPZyU69jJkaxrpAtxZUCIQCKOek6ZyWv9Mvnjb72gZpVg1-OMEWI37H2jvo7EpQjNA","RefreshToken":"3_AS3qfwIFZtNu7dq-NneTjAk80HqQ1SyKiMW-5gtqHPFifxae2kCxvHvENXjSM3jcFWd8lgy6_K4BPOWbROkkorNQMXcAVbdeMa2yVf_jNeYdbEA","TokenCreationEpochInSecs":1758191214,"ExpiresInSecs":604800}