{"Fid":"dsJcW16aSZyjxZP-KoqbsU","Status":3,"AuthToken":"eyJhbGciOiJFUzI1NiIsInR5cCI6IkpXVCJ9.eyJhcHBJZCI6IjE6MTAyMzEzMzcyODg5NDphbmRyb2lkOmYyNWE2NzFmNTE5NGUxZDYxOGQ4MmYiLCJleHAiOjE3Njk1MTc0ODQsImZpZCI6ImRzSmNXMTZhU1p5anhaUC1Lb3Fic1UiLCJwcm9qZWN0TnVtYmVyIjoxMDIzMTMzNzI4ODk0fQ.AB2LPV8wRQIhAK_3olEz9hrrkMFmhX3DyORGMq0bAPKmGye_1luSwhKhAiAw7azBlxP763uojtCoMIPhNm6Z0lyEvKEI8hvtmYR9Vg","RefreshToken":"3_AS3qfwJNy4O4w1JO-Zjs35vikOyBevioUuLADERflVrR3Z6rA4SPTu6fyyUyx311vZ8BTuIqkl5uY2jOu-xmDsQ3HLjEiyFgZlV7KClS-WsBSig","TokenCreationEpochInSecs":1768912684,"ExpiresInSecs":604800}