{"Fid":"dQdTNr7lQc-U-H3MTsFdIn","Status":3,"AuthToken":"eyJhbGciOiJFUzI1NiIsInR5cCI6IkpXVCJ9.eyJhcHBJZCI6IjE6MTAyMzEzMzcyODg5NDphbmRyb2lkOmYyNWE2NzFmNTE5NGUxZDYxOGQ4MmYiLCJleHAiOjE3NTcxNDA4MDMsImZpZCI6ImRRZFROcjdsUWMtVS1IM01Uc0ZkSW4iLCJwcm9qZWN0TnVtYmVyIjoxMDIzMTMzNzI4ODk0fQ.AB2LPV8wRQIgKo-tiPL257vpiaRQRk-gG57DNLl2kPOI5kCTzr0LhWUCIQCc1rf4pw-abbqRFZvU0xxVog0rrWrnzFUmwln3kJod9Q","RefreshToken":"3_AS3qfwIKSxqcLQ6I6gJOrVD1kB5qvVOOs_abjeLacHDkO-F9lCkYghV9Ingio28dqqTdeFKv0tPHAby886UOVqUNYaTM7Zxg_ljB6h2Xa9YbugY","TokenCreationEpochInSecs":1756536003,"ExpiresInSecs":604800}